Clone,Group,Raw MFU IgG Bind,Raw MFU Display,Uninduced Yeast IgG MFU,Uninduced Yeast Display MFU,seq,seq_id,Name
wt,Control,23000,3700,50,350,,,WT
mut10,Control,23000,3300,50,390,,,
enlA_neg_cont,Control,150,3600,50,410,,,
25,"5-10 mutants in ""high bind"" population",30000,3600,50,430,MQYKLILNGKTLKGETWTEAVDAYTAEKRFKQYANDNGVWGEWTYDRATKTFTVTE,seq_40,FCN-5
26,"5-10 mutants in ""high bind"" population",33000,3900,50,400,MQYKLILNGKTLKGETTTEAVDAPTAEKRFKQYANDNGVWGLWTYDHATKTFTVTE,seq_184,EnsC-5
27,"5-10 mutants in ""high bind"" population",30000,3500,50,430,MQYKLILNGKTLKGETTTEAVDAWTAEKRFKQYANDNGVWGIWTYDHATKTFTVTE,seq_195,
28,"5-10 mutants in ""high bind"" population",59000,3900,50,410,MQYKLILNGKTWKWETTTEAVDAWTAEKRFKQYANDNGVWGEWTYDDATKTFTVTE,seq_308,
29,"5-10 mutants in ""high bind"" population",72000,5400,50,450,MQYKLILNPKTRPWEKTTVAVDAYTAEKVFKQYANDNKVHGEWTYDKATKTFTVTE,seq_559,CNN-10
30,"20 mutants in ""bind"" population",700,670,65,350,MFYKLIIFGRTLWGYTWTWRRCAYMAEKRFKNYANNNGVWGLWTYDRATKLFTVTE,seq_769,
31,"20 mutants in ""bind"" population",700,2900,50,510,MFYKCIRNPKPWPWPHTTFAVDAYTAEKVFKHMMNTILVYGEWTYDRATKTFTVTE,seq_827,
32,"20 mutants in ""bind"" population",5500,1200,50,490,MQYKLIRNPKYDPWPLTTHAVDAYTAEKRFKHMMNVIHVYGEWTYDFATKLFTVTE,seq_833,EnsC-20
33,"20 mutants in ""bind"" population",1100,780,50,410,MQYKLILNGKTLWWVLWRWRRDAHQAEKYFKHYANMNLVHGRWTYHRATKLFTVTE,seq_851,
34,"20 mutants in ""bind"" population",1800,650,50,420,MFYKLIVNGKTLKGEHYRHARFAYWAEKHFKRKANQIKVYGIWTYDHATKIFTVTE,seq_853,
35,"40-50 mutants in ""display"" population",120,3400,60,510,MPYTLERWGWTWPNTTKWRNNNPQWAEIRPKLPMNENNWVMTWGLNWATKPHTANS,seq_1353,
36,"40-50 mutants in ""display"" population",310,8600,60,610,MGNKNEAQWWSLNLEWACEAVDEDNAEKEYKNYGGMACWWNNEAKEEALAMECSTE,seq_1354,GCN-40
37,"40-50 mutants in ""display"" population",180,5700,60,630,MPYANNAWWWTGNNTIGTRAGLPDKAEKHAKQWQNRFGRCNVETDPKAPDTCNFPE,seq_1369,
38,"40-50 mutants in ""display"" population",270,6900,60,610,MTPTCGHNNPTPKPPTAREARQPWRAEAEPKQESNNLFWCFEWANNWAPKPPAWNT,seq_1370,
39,"40-50 mutants in ""display"" population",210,6300,60,670,MTNKLNGKAQHNSAHMGFEAEKDYWAELAPKANAPRNCWCLCETCAWATGTFNEWE,seq_1392,
40,"40-50 mutants in ""display"" population",190,5400,60,710,MFYKCIGDPPPDCYPKNWWDNEWYPQKFCCHEMCNLFGHIFEITIDDATKLFGCTE,seq_1524,
41,"40-50 mutants in ""display"" population",240,6500,60,590,MQYKCEPNPPPDFWPKNFCDQDDYWCCPNCNEMCQMYKHYFEITIDDATKLFGATE,seq_1545,
42,"40-50 mutants in ""display"" population",310,7900,60,770,MPPKKTNWWLGSPRTKNHDYGKPERLEKHPENDRDQCSQIQNWECGWAHGQEPANW,seq_1689,
43,"40-50 mutants in ""display"" population",150,3600,60,750,MPKPNNKAWLSLSTTKQCRAWLPHWLEIRPNTGSMMECGWNMEGCWQAFGTPNPNG,seq_1708,
44,"40-50 mutants in ""display"" population",160,5000,60,660,MWNGLNTWWGNQSRWCNHDHRDPQPTEKHEEHGFAMAWWVMNPGCQKAFAKEAPNN,seq_1720,
unlabelled_yeast_cntrl,Control,20,510,,,,,