,Clone,Group,MFU IgG Bind,MFU Display,Uninduced Yeast IgG MFU,Uninduced Yeast Display MFU,seq,seq_id,clone,Name
0,wt,Control,1.0,1.0,50.0,350.0,,,wt,WT
1,mut10,Control,1.0,0.8918918918918919,50.0,390.0,,,,
2,enlA - neg cont,Control,0.0065217391304347,0.972972972972973,50.0,410.0,,,,
3,25,"5-10 mutants in ""high bind"" population",1.3043478260869563,0.972972972972973,50.0,430.0,MQYKLILNGKTLKGETWTEAVDAYTAEKRFKQYANDNGVWGEWTYDRATKTFTVTE,seq_40,25,FCN-5
4,26,"5-10 mutants in ""high bind"" population",1.434782608695652,1.054054054054054,50.0,400.0,MQYKLILNGKTLKGETTTEAVDAPTAEKRFKQYANDNGVWGLWTYDHATKTFTVTE,seq_184,26,EnsC-5
5,27,"5-10 mutants in ""high bind"" population",1.3043478260869563,0.945945945945946,50.0,430.0,MQYKLILNGKTLKGETTTEAVDAWTAEKRFKQYANDNGVWGIWTYDHATKTFTVTE,seq_195,,
6,28,"5-10 mutants in ""high bind"" population",2.565217391304348,1.054054054054054,50.0,410.0,MQYKLILNGKTWKWETTTEAVDAWTAEKRFKQYANDNGVWGEWTYDDATKTFTVTE,seq_308,,
7,29,"5-10 mutants in ""high bind"" population",3.130434782608696,1.4594594594594594,50.0,450.0,MQYKLILNPKTRPWEKTTVAVDAYTAEKVFKQYANDNKVHGEWTYDKATKTFTVTE,seq_559,29,CNN-10
8,30,"20 mutants in ""bind"" population",0.0304347826086956,0.1810810810810811,65.0,350.0,MFYKLIIFGRTLWGYTWTWRRCAYMAEKRFKNYANNNGVWGLWTYDRATKLFTVTE,seq_769,,
9,31,"20 mutants in ""bind"" population",0.0304347826086956,0.7837837837837838,50.0,510.0,MFYKCIRNPKPWPWPHTTFAVDAYTAEKVFKHMMNTILVYGEWTYDRATKTFTVTE,seq_827,,
10,32,"20 mutants in ""bind"" population",0.2391304347826087,0.3243243243243243,50.0,490.0,MQYKLIRNPKYDPWPLTTHAVDAYTAEKRFKHMMNVIHVYGEWTYDFATKLFTVTE,seq_833,32,EnsC-20
11,33,"20 mutants in ""bind"" population",0.0478260869565217,0.2108108108108108,50.0,410.0,MQYKLILNGKTLWWVLWRWRRDAHQAEKYFKHYANMNLVHGRWTYHRATKLFTVTE,seq_851,,
12,34,"20 mutants in ""bind"" population",0.0782608695652174,0.1756756756756756,50.0,420.0,MFYKLIVNGKTLKGEHYRHARFAYWAEKHFKRKANQIKVYGIWTYDHATKIFTVTE,seq_853,,
13,35,"40-50 mutants in ""display"" population",0.0052173913043478,0.918918918918919,60.0,510.0,MPYTLERWGWTWPNTTKWRNNNPQWAEIRPKLPMNENNWVMTWGLNWATKPHTANS,seq_1353,,
14,36,"40-50 mutants in ""display"" population",0.0134782608695652,2.324324324324324,60.0,610.0,MGNKNEAQWWSLNLEWACEAVDEDNAEKEYKNYGGMACWWNNEAKEEALAMECSTE,seq_1354,36,GCN-40
15,37,"40-50 mutants in ""display"" population",0.0078260869565217,1.5405405405405406,60.0,630.0,MPYANNAWWWTGNNTIGTRAGLPDKAEKHAKQWQNRFGRCNVETDPKAPDTCNFPE,seq_1369,,
16,38,"40-50 mutants in ""display"" population",0.0117391304347826,1.864864864864865,60.0,610.0,MTPTCGHNNPTPKPPTAREARQPWRAEAEPKQESNNLFWCFEWANNWAPKPPAWNT,seq_1370,,
17,39,"40-50 mutants in ""display"" population",0.0091304347826086,1.7027027027027026,60.0,670.0,MTNKLNGKAQHNSAHMGFEAEKDYWAELAPKANAPRNCWCLCETCAWATGTFNEWE,seq_1392,,
18,40,"40-50 mutants in ""display"" population",0.0082608695652173,1.4594594594594594,60.0,710.0,MFYKCIGDPPPDCYPKNWWDNEWYPQKFCCHEMCNLFGHIFEITIDDATKLFGCTE,seq_1524,,
19,41,"40-50 mutants in ""display"" population",0.0104347826086956,1.7567567567567568,60.0,590.0,MQYKCEPNPPPDFWPKNFCDQDDYWCCPNCNEMCQMYKHYFEITIDDATKLFGATE,seq_1545,,
20,42,"40-50 mutants in ""display"" population",0.0134782608695652,2.135135135135135,60.0,770.0,MPPKKTNWWLGSPRTKNHDYGKPERLEKHPENDRDQCSQIQNWECGWAHGQEPANW,seq_1689,,
21,43,"40-50 mutants in ""display"" population",0.0065217391304347,0.972972972972973,60.0,750.0,MPKPNNKAWLSLSTTKQCRAWLPHWLEIRPNTGSMMECGWNMEGCWQAFGTPNPNG,seq_1708,,
22,44,"40-50 mutants in ""display"" population",0.0069565217391304,1.351351351351351,60.0,660.0,MWNGLNTWWGNQSRWCNHDHRDPQPTEKHEEHGFAMAWWVMNPGCQKAFAKEAPNN,seq_1720,,
23,blank unlabled yeast,Control,0.0008695652173913,0.1378378378378378,,,,,,
